Metric,Value
count,2705.0
mean,18.42950092421442
std,40.58834047275409
min,3.3
25%,3.3
50%,3.3
75%,3.3
max,142.0
