Year,EV_Sales,Charger_Count,EVs_per_Charger
2015,7752,270.5,28.65804066543438
2016,49249,541.0,91.03327171903882
2017,87019,811.5,107.23228589032655
2018,129763,1082.0,119.92883548983365
2019,165786,1352.5,122.57744916820702
2020,123770,1623.0,76.2600123228589
2021,328854,1893.5,173.6752046474782
2022,1020533,2164.0,471.5956561922366
2023,1529234,2434.5,628.1511604025467
2024,978943,2705.0,361.90129390018484
